Ticker,InverseCorr2016,InverseCorr2020,InverseCorr2024,MeanPost2016Returns,MeanPost2020Returns,MeanPost2024Returns,AbsoluteImpact,Penalty,AdjustedScore,MeanPost2024Scaled,FinalScore
IRM,-0.00019867845568006764,-0.04356209877219801,,0.0014126320777462158,0.0033511702673795813,0.02725096071640909,0.04376077722787808,0.0033511702673795813,0.04001225004913835,1.6350576429845454,1.6368086101453319
WTW,0.007287863844372963,-0.10532556429869394,,0.0006709916575419564,0.0023184028146417735,0.004643865478684894,0.11261342814306691,0.0023184028146417735,0.11029502532842514,0.27863192872109366,0.29105262963045403
MSTR,-0.07347296452975054,0.06959320067917392,0.09249979991775063,2.629503569363164e-05,0.021762135140885926,0.0334187435587367,0.2355659651266751,0.021762135140885926,-0.07232850043205975,0.1253202883452626,0.1198742569323909
WFC,0.1675195269632339,-0.03557648911303389,0.0329691917079016,0.0036089023654422682,0.005095649588814862,0.011659546666862142,0.23606520778416942,0.005095649588814862,0.23096955819535456,0.04372330000073303,0.09968869860776347
FDX,0.1477029264284525,0.028572391756125554,0.08625381372436448,0.0006216158952260316,-0.0022901861062306406,0.006045118830200535,0.26252913190894256,0.0,0.20538434839669145,0.022669195613252008,0.07854387488122586
EQT,0.06807679062067035,-0.11491847455379203,-0.00998571615802232,1.5627442932730774e-05,0.0022521394519692856,0.011716150171035306,0.1929809813324847,0.0022521394519692856,0.17075740956447077,0.043935563141382396,0.07732722367169968
BAC,0.0993253255613175,-0.06251984856246223,0.041282959829820914,0.005124744995799343,0.0032244142548655116,0.008224340087470916,0.20312813395360066,0.0032244142548655116,0.19990371969873516,0.030841275328015935,0.07272056401127058
KKR,0.15604910596677676,0.0284689401127028,0.02374801965922699,0.0038219327896618824,0.0024603189825597987,0.008809956847577016,0.20826606573870654,0.0024603189825597987,0.14886786653074116,0.03303733817841381,0.06482603441223564
AXON,0.03607562007751494,0.12550742305499488,-0.040037587957912915,0.002996645646755051,0.008184339465323405,0.02276956678280906,0.20162063109042272,0.008184339465323405,-0.13765373040071627,0.08538587543553397,0.06105068793830424
FI,0.056260594396277265,-0.06439775144739102,0.07509618966507846,0.001075953985691395,0.001225505218348418,0.005187579907497186,0.19575453550874672,0.001225505218348418,0.1945290302903983,0.01945342465311445,0.05899424268796388
WBD,0.02144988853630045,-0.016450959849136887,-0.0018910534936557013,0.00131369843765717,0.0115050371404619,0.014657997142087847,0.03979190187909304,0.0115050371404619,0.024504757751319734,0.05496748928282943,0.056046526661486656
GS,0.07920150877327489,-0.00373481749896168,0.06306007856299453,0.004616475942233607,0.005464589405882088,0.008675894065080958,0.1459964048352311,0.005464589405882088,0.140531815429349,0.03253460274405359,0.05510337716676264
SYF,0.06710121205486554,0.03021536915021322,0.05447177232645776,0.003984072261484865,0.004388119103851595,0.010505152866932377,0.15178835353153652,0.004388119103851595,0.08696949612725847,0.03939432325099641,0.05474115848270348
MCK,0.0033648794271219874,-0.11133132480079119,-0.024937790263057917,0.0011484338150733761,0.0019369901913860084,0.011001610120836336,0.1396339944909711,0.0019369901913860084,0.08782142377346927,0.04125603795313626,0.05454772857807017
OKE,0.11006718817440184,0.0013076216056598896,0.0410936103690773,0.001849684240532364,0.0054140988644170605,0.008286264091925066,0.15246842014913903,0.0054140988644170605,0.14443907807340217,0.031073490344719,0.05437281029140194
WDC,0.10722102064029336,-0.00902399281399493,0.07154841807183486,0.005351429509412201,0.007159024735805993,0.004221585511061443,0.18779343152612316,0.007159024735805993,0.18063440679031717,0.01583094566648041,0.050885579888337557
TEAM,-0.03990493246206,-0.0613834065438019,0.04522169035005065,0.00030714509704861853,0.0042449311085131685,0.010582186960975848,0.14651002935591256,0.0042449311085131685,0.06245523332327939,0.03968320110365943,0.05062806060369193
TSLA,0.058487328912823246,0.08431070974998608,-0.0597284694974779,0.004656264279196794,0.011394634917269376,0.01753798203685747,0.20252650816028722,0.011394634917269376,-0.09694648525191012,0.06576743263821551,0.05006138759599247
HPE,0.12626381625576985,-0.036835954162759664,0.039756718953407884,0.00021376949747367035,0.0047319939759825035,0.0024512945720800983,0.2028564893719374,0.0047319939759825035,0.1981244953959549,0.009192354645300368,0.049748652100063614
RJF,0.06210830693147659,-0.04727969884065544,0.010187944577482915,0.0037043731407627807,0.004121756710262196,0.009356401633004607,0.11957595034961495,0.004121756710262196,0.11545419363935275,0.03508650612376728,0.049249510429847806
AIZ,0.06564306295057633,-0.030604088013302465,0.005864137783739215,0.003259542227291945,0.0010458440674928997,0.010125866005594564,0.102111288747618,0.0010458440674928997,0.1010654446801251,0.037971997520979614,0.048514593350505106
TWLO,0.0013017293925569157,0.004232047764794735,0.10170028135549551,0.00021614515598475937,0.004692888086352479,0.009294229778727459,0.10723405851284716,0.004692888086352479,0.09407707489690521,0.03485336167022797,0.04848622491248723
TRMB,0.06791165462292564,-0.027178770876692637,-0.029387520588975806,0.0019059943590880627,0.004185761339830899,0.010102130314919577,0.12447794608859408,0.004185761339830899,0.06151714357081158,0.037882988680948415,0.04665380347171351
DIS,-0.030884619661295767,-0.06986321293900197,-0.05021902232746148,0.002487240468651016,0.00535075432655477,0.012274986465831805,0.15096685492775921,0.00535075432655477,-0.016591183376310048,0.04603119924686927,0.04583812229575637
ETN,0.032909071124653015,-0.02345841794295936,0.08914680293436524,0.001751246009133493,0.0014743917610143301,0.006083365005597197,0.1455142920019776,0.0014743917610143301,0.14403990024096328,0.022812618770989487,0.04580615490458294
HBAN,0.0523823380632926,-0.029936910020586155,0.020384391876215203,0.0046271956099713275,0.002928117217687746,0.009184650809791445,0.10270363996009395,0.002928117217687746,0.0997755227424062,0.03444244053671792,0.04539183810635787
CPRT,0.031150732718009826,0.009293369155824809,0.01241481554158305,0.0012328647092019714,-0.0008098759206144186,0.0114364430460622,0.052858917415417685,0.0,0.03427217910376807,0.04288666142273325,0.04523068169838329
SCHW,0.04698630074870386,-0.0719323660117051,-0.07382989169202789,0.003398186999503583,0.0037722324218744108,0.009185819405420015,0.19274855845243685,0.0037722324218744108,0.041316542646506665,0.034446822770325056,0.04495373199994543
TFC,0.0792304663735867,0.03095950536259452,0.03712537903547751,0.002957763707326529,0.0012961936956359462,0.00754495496104346,0.14731535077165875,0.0012961936956359462,0.08410014635083374,0.028293581103912974,0.04173323358628767
GDDY,-0.04353293921556613,-0.04249402641901164,0.017860287055773753,0.0011880833369555847,0.0014687252995906194,0.010359374886765416,0.10388725269035151,0.0014687252995906194,0.015352648959628647,0.03884765582537031,0.04113643063179053
MS,0.06195968958347131,-0.02753717388113396,0.03461847926654469,0.004485148239195125,0.00465490199187486,0.006732870991224826,0.12411534273114996,0.00465490199187486,0.11946044073927509,0.0252482662170931,0.040949196342815096
JPM,0.032914236993816154,-0.06943986429388763,0.0082341936798907,0.0035722869689661873,0.0037650903967114385,0.007515195195335611,0.11058829496759448,0.0037650903967114385,0.10682320457088304,0.02818198198250854,0.04022743393690421
AMP,0.046436235705688216,-0.02097353976256406,0.05053077888501731,0.005121665115030597,0.0030303961987715234,0.00667847824274187,0.11794055435326958,0.0030303961987715234,0.11491015815449807,0.025044293410282012,0.039862368816491855
DE,0.03029933714232572,-0.04899804461067288,-0.06310501866090605,0.0032360437424524767,0.0032833413180157903,0.009487282160408061,0.14240240041390465,0.0032833413180157903,0.012909021774076754,0.03557730810153023,0.03966069048080599
PNC,0.09609561291245379,0.0014584923128485672,-0.01814551184891018,0.003939722198348609,0.0033375302033131623,0.008121860901016353,0.11569961707421254,0.0033375302033131623,0.07315407854738187,0.030456978378811325,0.039473534716214995
TRGP,-0.005941799866410358,0.031381556350104686,0.09572721696218794,0.0044620830122340605,0.008723406766214177,0.007927266046455717,0.133050573178703,0.008723406766214177,0.04968045397945872,0.029727247674208937,0.039182967239751794
MRK,0.01712912778206529,0.0036447047208590985,0.1656154018427329,0.0011775854340078328,9.506550707432856e-05,0.0008973636597860435,0.1863892343456573,9.506550707432856e-05,0.17900475939686478,0.003365113724197663,0.037286988434087384
MRVL,0.09364965984462417,-0.012876379636574873,0.06200206012067671,0.003597884849419786,0.004589535726450719,0.002051907448410495,0.16852809960187576,0.004589535726450719,0.16393856387542502,0.007694652931539356,0.0357999918865945
URI,0.11792290064637391,-0.021598809382914544,-0.025478988733712675,0.008495297557264999,0.003815906408255761,0.004456623978298935,0.16500069876300114,0.003815906408255761,0.11022681488732,0.016712339918621005,0.0353256549179493
COR,0.03627215312856535,-0.06537445650796285,0.03823797377698102,0.004417437178294037,0.0007559657837037233,0.004058860564019662,0.1398845834135092,0.0007559657837037233,0.1391286176298055,0.015220727115073732,0.035264685597409265
NDAQ,0.0087066711429747,-0.04352090016106737,0.06453296750574629,0.001075960442811515,0.00173451275074142,0.0054293178190595315,0.11676053880978836,0.00173451275074142,0.11502602605904694,0.020359941821473243,0.03510433006526034
PRU,0.06769750633604558,-0.029088189483779982,0.03312543734513002,0.0029775477254995555,0.0025340132725673037,0.004677793153974874,0.1299111331649556,0.0025340132725673037,0.12737711989238829,0.017541724327405778,0.03467050760204737
COF,0.028742119320382797,0.045909101502702,0.026762282842436785,0.003079067125439083,0.004703134764066489,0.008843853333862894,0.10141350366552158,0.004703134764066489,0.004892165896051095,0.033164450001985854,0.034548138077284365
MET,0.0396972166569131,-0.015693156936127377,0.019198759083458757,0.001337257979307845,0.0032135979522342076,0.007596477434120008,0.07458913267649923,0.0032135979522342076,0.07137553472426503,0.02848679037795003,0.034357540632881566
AON,-0.008355902634722745,-0.114999298132857,0.022795672351830918,0.0002843782616628025,0.0023072849907668667,0.00403842498487389,0.14615087311941066,0.0023072849907668667,0.12713178285919832,0.015144093693277086,0.03406973455727362
CMG,0.004599227443985151,-0.036380868426077434,0.056476923707904185,0.0007342762293273871,0.0036868673983068514,0.006211230623407393,0.09745701957796676,0.0036868673983068514,0.09377015217965992,0.023292114837777725,0.03374614138726868
LNG,0.0020587425518312622,-0.010357433405278784,-0.016762804030667433,0.004211662937324793,0.0045886570258027335,0.008820572310487496,0.02917897998777748,0.0045886570258027335,-0.008935285099360122,0.03307714616432811,0.03337088937827516
BKR,0.07287211443775551,0.008963550264171352,-0.01947227283439092,0.0007799664408291236,0.004100881996221725,0.007659529648568253,0.10130793753631778,0.004100881996221725,0.040335409342971515,0.02872323618213095,0.03336884000397562
HIG,-0.0046275274258734105,-0.0154809435513149,0.07221633663299941,0.0010189561924440463,0.003357541706594495,0.006437047442262589,0.09232480761018771,0.003357541706594495,0.07971221105184641,0.02413892790848471,0.03324156740182794
PEG,0.04854183031718329,-0.039574483574013566,-0.06208244451655538,0.0005458577548740721,-0.0006211187838151962,0.007326616628964278,0.15019875840775224,0.0,0.026033869374641472,0.02747481235861604,0.03309077072909334
BR,0.05452450148781029,-0.06704126942258931,-0.026006868084136648,0.0005957020385947883,0.0002772760369344004,0.003460018061127205,0.14757263899453626,0.0002772760369344004,0.09528162678932856,0.017300090305636024,0.03181097258505207
KMX,-0.02188494831554078,-0.03051356473872263,-0.010803025474706013,0.004846831318824078,0.0037919237339266647,0.008469329048454821,0.06320153852896943,0.0037919237339266647,-0.0059663327854508254,0.03175998393170558,0.031726006435779726
C,0.0626258159804751,0.012951781760087802,0.031446666923055984,0.0023999231274967354,0.004906318350035655,0.006066553377187089,0.10702426466361889,0.004906318350035655,0.07621438279340764,0.022749575164451585,0.03162176175254514
OVV,0.04418116945215314,-0.009215857233059668,-0.05139485917528036,0.0029091163207804137,0.00891563247444723,0.008116490585601821,0.10479188586049318,0.00891563247444723,-0.006913464964514782,0.03043683969600683,0.03127666175446173
TSCO,0.039054047504252405,-0.09770645529453822,0.023089837151479827,0.0018122046348398424,0.0004509844386293871,0.0012877356836131781,0.15985033995027045,0.0004509844386293871,0.15939935551164106,0.004829008813549418,0.030420551007047172
DFS,-0.02448389180211003,0.05373874570835116,-0.04138391028390107,0.003178304932822007,0.0028287217948020247,0.011511605913875511,0.11960654779436225,0.0028287217948020247,-0.12243526958916429,0.04316852217703317,0.030310944502064098
NOW,0.08116533090648001,-0.03421883955608959,-0.009211620006438723,0.0009472245793860967,0.002524529636884883,0.004372098665078372,0.12459579046900833,0.002524529636884883,0.10364802081924598,0.016395369994043896,0.02946050499681618
KMI,-0.034862068697251204,-0.040693372110988925,-0.017244873941799667,0.0016248388731436784,0.002606865209450356,0.007968335648329522,0.0928003147500398,0.002606865209450356,-0.014020435737512302,0.029881258681235708,0.029095456371042074
HUM,-0.010838542180582323,-0.03973732600767423,-0.059701058909313987,0.00154927263891483,-0.0018080025163426032,0.00810421576110082,0.11027692709757055,0.0,-0.030802275082222077,0.030390809104128072,0.028808392345073815
USB,0.03856686878986808,0.006572238545494425,-0.002951861671171229,0.002859879990582992,0.0007699506333511685,0.007266558064207174,0.04809096900653373,0.0007699506333511685,0.028272817939851258,0.0272495927407769,0.028689696980416183
OC,0.0345080800782889,0.036267273779906066,0.0154753935718588,0.0022836755767590886,0.0031157554198790295,0.007276173685285603,0.08625074743005377,0.0031157554198790295,0.010600444450362605,0.02728565131982101,0.02862220376979429
HON,0.004949222004968792,-0.03649655458486939,0.02965801873495325,0.0012645942921233999,0.0014551489192524544,0.005951987457455232,0.07110379532479143,0.0014551489192524544,0.06964864640553897,0.02231995296545712,0.02793420164733814
ANSS,0.0439570539161043,0.007920248568442693,0.057032878607885265,0.0014864140562298753,0.002541041975056905,0.004377253026541739,0.10891018109243225,0.002541041975056905,0.09052864198048996,0.01641469884953152,0.027210367168548973
EME,-0.0363222458750979,0.01531951792501295,0.1097584545124707,0.0020541535258363553,0.003804169671872633,0.0040892159387771465,0.16140021831258156,0.003804169671872633,0.05431252104048722,0.0153345597704143,0.025783710104485397
MMC,0.08372998441400498,-0.03306237258241325,-0.02058365052817059,0.0011165383204638187,0.0005264567722693384,0.0032137292942785445,0.1373760075245888,0.0005264567722693384,0.0956822496959783,0.012051484853544542,0.025443993860319744
AXP,0.003829681665491631,-0.03729519039323961,0.008599140522811646,0.0024776936240793615,0.0032510973489080423,0.006104142567984361,0.04972401258154289,0.0032510973489080423,0.046472915232634845,0.022890534629941353,0.025398193375595016
FICO,-0.014864966609574563,-0.031605290987393855,-0.11474748880685548,0.001240212510790458,0.0019236871855857097,0.00988160453825948,0.1612177464038239,0.0019236871855857097,-0.0999308516146219,0.03705601701847305,0.025197475223002662
KMB,0.09758749938100662,-0.05451659741061718,-0.07867721732660608,0.0008112449565811364,-0.00026186671224719403,0.0019935638908959996,0.23078131411822989,0.0,0.0734268794650177,0.0074758645908599985,0.025009596548517025
IBM,-0.016456285669952338,-0.07059555092024072,-0.023364014918487865,0.0020861155642577216,0.0009063445814386265,0.005570556267471105,0.11041585150868091,0.0009063445814386265,0.029868905750361892,0.020889586003016644,0.024675651264090905
SYK,0.04038518388318642,-0.07622858193878165,-0.020405352089182587,0.00020287006515554336,0.0014022371778469693,0.0030150964767011734,0.13701911791115065,0.0014022371778469693,0.0948061765549385,0.0113066117876294,0.02452758586617816
NXPI,0.055372318964625494,-0.029790099040070343,0.0656926976257341,0.00017415343158864912,0.0035191321251615577,0.0005208594354547125,0.15085511563042994,0.0035191321251615577,0.1473359835052684,0.0019532228829551718,0.02430792219141119
NFLX,0.07322153633482589,0.09608862949668757,-0.023330611743178475,0.0020921225490273827,0.0016845668867000155,0.008652788834506875,0.19264077757469195,0.0016845668867000155,-0.04788227179174017,0.03244795812940078,0.02398091077237318
V,0.056312601451316426,-0.028784333494683043,-0.007193310388506134,0.000582913620315928,0.0008639120256502597,0.004403620215730875,0.09229024533450561,0.0008639120256502597,0.07703971253184308,0.01651357580899078,0.023742377055472563
KEYS,0.010684832513264722,-0.020332935254930466,0.027510894852163317,0.0016563435333268133,0.004699663458690721,0.005304573014388858,0.05852866262035851,0.004699663458690721,0.053828999161667786,0.019892148803958218,0.023589938949212318
HUBB,0.049608113787144345,0.014923786369934295,0.06395478688015051,0.0027554147164105943,0.0005662551611177976,0.0026729468165201387,0.12848668703722915,0.0005662551611177976,0.09807285913624277,0.01002355056195052,0.023265661360607162
VZ,-0.0017259205150417902,-0.017229096381304855,0.05467648396399873,0.0001323864262753697,-0.001032791907253916,0.004555963116333883,0.07363150086034538,0.0,0.0701796598302618,0.017084861686252062,0.02318643553543823
ADBE,0.07955877143242265,-0.027124197924335725,-0.040189125276024376,0.000908159719221624,0.0005765240794936529,0.0034080034536326242,0.14687209463278275,0.0005765240794936529,0.06591732000124034,0.012780012951122341,0.022975045353805807
SLB,0.03143273526195409,-0.04488562388751298,-0.011838198166615526,0.00038178272250948274,0.005680229624155834,0.004618535660023487,0.08815655731608259,0.005680229624155834,0.058799931358695705,0.017319508725088077,0.022708140020528678
ORCL,-0.0398637382542565,-0.07145398237754372,0.023666901450873027,0.0021770030402844015,0.001327723958219525,0.0038519296903676836,0.13498462208267326,0.001327723958219525,0.05392942161594072,0.014444736338878814,0.022066241086259812
BK,0.025706820040281644,-0.027278691022041134,0.014649316520239066,0.0006627334282436633,0.001955330613280585,0.0045424104723864045,0.06763482758256184,0.001955330613280585,0.06567949696928126,0.017034039271449017,0.021725797757581385
CAH,0.015289061642822087,-0.040444048143570305,-0.013800542733412913,0.0025096847574149835,0.0036540284732151946,0.005012013753722289,0.06953365251980531,0.0036540284732151946,0.038278538579764286,0.018795051576458582,0.02171608008948749
BKNG,-0.04785664688247823,-0.044441350443460474,0.048297416314011146,9.530424782047872e-05,0.002929894500181899,0.0038008114846158625,0.14059541363994987,0.002929894500181899,0.04195222537481149,0.014253043067309484,0.020839718701760882
ODFL,0.00824532240828819,-0.05681689953122044,-0.0552555221410758,0.0028810649542653295,8.055599208778297e-05,0.004960618841889641,0.12031774408058443,8.055599208778297e-05,0.009726143806345046,0.018602320657086155,0.020800429279411954
CNH,-0.08635333246050107,-0.07430567971505324,-0.009865488641010252,0.004091217128538304,0.00713677500945457,0.006784712909646579,0.17052450081656456,0.00713677500945457,-0.02904991639591266,0.02544267341117467,0.02073995532453361
KR,-0.0186472143352117,-0.03201620249690954,0.056371940847395524,0.0014407478919127006,0.0004816710902554533,0.003298330807282812,0.10703535767951677,0.0004816710902554533,0.06925925791883791,0.012368740527310546,0.0204791798806336
CRH,-0.014125711721504286,-0.09339265622500816,-0.010284904150835581,0.0013200304280288474,0.003746663257436837,0.0031626057603398317,0.11780327209734802,0.003746663257436837,0.06523537709523146,0.011859771601274369,0.019666689093766933
ADP,0.023860672631210333,-0.0955572145052543,-0.09334796834476453,0.0009454263009631703,-1.3019660348219848e-05,0.0032903434165177936,0.21276585548122917,0.0,0.026069918791700106,0.012338787811941726,0.01903737716006587
PWR,0.049278200091239066,0.06532006944041698,-0.0044702420342370725,0.003915596956696498,0.0013226147271516275,0.005568853885105918,0.11906851156589311,0.0013226147271516275,-0.02183472611056661,0.02088320206914719,0.01837672669841205
FERG,0.03058251544102828,-0.040570743605656004,-0.008580992460361508,0.0028548274562752995,0.0017830495068084022,0.003359179060551498,0.0797342515070458,0.0017830495068084022,0.06078921707951439,0.012596921477068118,0.017551998288821008
MCO,0.020843720602458173,-0.02846836406925621,-0.07257304912461857,0.0011436378249530144,9.69264179255062e-05,0.005023053349798412,0.12188513379633295,9.69264179255062e-05,-0.023357890870829685,0.018836450061744045,0.0173564890234172
CMI,0.08954833484018404,-0.04176063043176736,-0.10906225652155713,0.0018679655121914755,6.738360433224954e-05,0.0028554635778085258,0.24037122179350853,6.738360433224954e-05,0.022179325146062023,0.010707988416781972,0.017207097280237324
UNH,0.02301151149252432,-0.01791415467454386,-0.04460347993114627,0.0019368526831550733,0.0006435020193234238,0.004399217147127155,0.08552914609821445,0.0006435020193234238,-0.0043213157834015165,0.01649706430172683,0.016863292329256666
MMM,-0.03668213196786261,-0.08754613196121093,-0.004805862906798327,0.00039197099300343946,0.0009006433531260368,0.0028769557624688247,0.12903412683587187,0.0009006433531260368,0.04515749373342396,0.010788584109258093,0.016667290339434367
T,-0.045559652572026876,-0.009894568434127981,0.06300167497300478,0.0017397800957737427,0.0007070507136820596,0.003365773463834071,0.11845589597915965,0.0007070507136820596,0.02662954012142383,0.012621650489377766,0.016571261645728648
CBRE,0.09100995231806677,-0.03100251725313449,-0.09348093491313417,0.0022947466243339394,0.0034047984120314954,0.002718905269134264,0.21549340448433543,0.0034047984120314954,0.025126736246035605,0.01019589475925349,0.016563662470862595
APD,0.007191321134698693,-0.003447543914708592,-0.07367213845964528,0.00025606223893051745,-0.001200659968668886,0.005250588165953585,0.08431100350905256,0.0,-0.063033273410238,0.019689705622325943,0.015825889805485948
GWW,-0.0417992726437107,-0.033781009752159225,-0.008837279943809014,0.003011753129204697,-4.045636746562072e-05,0.00450441661747869,0.08441756233967893,0.0,-0.01685554283536049,0.01689156231554509,0.015617933942342684
WY,0.10972376703540727,-0.01425294333800022,-0.055939567128993624,0.0011188410346957352,0.002015802528587981,0.000934305782354039,0.1799162775024011,0.002015802528587981,0.06602134071582588,0.0035036466838276464,0.015577953020003001
CDNS,0.025870672861363048,-0.040140032480955073,-0.01753270372885339,0.002386759626941178,0.002803749230761987,0.0028260868195214006,0.08354340907117151,0.002803749230761987,0.04567425238270274,0.010597825573205252,0.01459941685997839
HD,0.015771294036624275,-0.03769785018528333,-0.07160680061379712,0.001565928114856104,-0.0004445195049437523,0.004096209833314324,0.12507594483570472,0.0,-0.018137656391889523,0.015360786874928714,0.014192139167631826
EQIX,0.007733130807368965,-0.01626325688604352,-0.0710879998257013,0.0011487271553947723,9.807848051729036e-05,0.004643730583948069,0.09508438751911379,9.807848051729036e-05,-0.047189690612806104,0.01741398968980526,0.014164912556703754
NTAP,0.03446794297956159,-0.020760487928633272,-0.024695137979175205,0.0027680483389038056,0.00593233623615906,0.003156681424280383,0.07992356888737007,0.00593233623615906,0.024600956692860595,0.011837555341051437,0.014096081660471875
CRM,0.054436057349295394,0.06003867883088746,-0.062077018977210324,0.0006825436593543474,-0.0006207895608702903,0.006483896628521224,0.1765517551573932,0.0,-0.0676796404588024,0.02431461235695459,0.013875031698237894
VEEV,0.005410609823019944,0.010357275663651164,-0.03564336681654999,0.0018069685212873591,0.000720523861829451,0.004015285484778752,0.0514112523032211,0.000720523861829451,-0.04131055651901066,0.015057320567920321,0.013470186724211755
ACGL,0.005609360145195685,-0.011045153775748927,0.03570161719497845,0.0024241570559718983,5.735445464027193e-05,0.0026874957482852513,0.05235613111592306,5.735445464027193e-05,0.052298776661282784,0.010078109056069692,0.013176075455719237
PGR,-0.05249799436611261,0.0052266303247085226,-0.0059467392419346,0.0024346239832042722,-0.0015288027020289234,0.004563325744505575,0.06367136393275573,0.0,-0.06367136393275573,0.017112471541895907,0.013160192362883162
PTC,0.049788395139157955,0.041836513940577434,0.017453465060262373,0.002365960995823054,0.00660757881467573,0.0028989772201108432,0.10907837413999777,0.00660757881467573,0.018797767444167165,0.010871164575415662,0.013111333976768579
EXC,0.09500007233518784,0.002676079515145612,-0.04712327970270601,0.0010319499207946873,-0.0001537562649287579,0.0016671929786934714,0.14479943155303948,0.0,0.045200713117336214,0.006251973670100518,0.013091624739232916
MA,0.0011590760870068481,-0.027089367679325006,-0.028000818131372996,0.00013974676374755763,0.001414793905650106,0.003230674643523501,0.05624926189770485,0.001414793905650106,-0.0011671682706912469,0.01211502991321313,0.01238860830873235
CI,0.009418434930156658,0.008678713706508653,-0.022495673303768678,0.002210146338397889,0.002744864977124406,0.0034575689151838396,0.04059282194043399,0.002744864977124406,-0.024500817057245078,0.012965883431939398,0.012263002405519157
CVX,0.07503917841600825,0.0239803871666483,-0.05770625550304632,0.0008612560541410168,0.0031009156291528523,0.003447565081049986,0.15672582108570288,0.0031009156291528523,-0.009748379882839213,0.012928369053937447,0.012146593980408316
HES,0.05917705253581367,0.004286901342499898,-0.05936694720375932,0.0017922768822393445,0.0064953030771215245,0.0032381153474452806,0.12283090108207288,0.0064953030771215245,-0.01097209908756707,0.012142932552919802,0.011516108571000149
MSI,0.0018554643657529958,-0.0837626431295601,-0.130543342575438,0.0006593077913637983,0.0008418309174826296,0.005010471917725856,0.2161614500707511,0.0008418309174826296,-0.04576706599760755,0.01878926969147196,0.011349008410021465
ISRG,-0.010459453313495593,-0.07815253145530825,-0.06587934033110132,0.00047554097142864883,0.0014973897449876983,0.002773962469732605,0.15449132509990515,0.0014973897449876983,0.00031634806572362895,0.010402359261497268,0.011136532859398265
RCL,-0.10657705023918158,-0.03596073499342108,-0.046227483975484956,0.003347050975923619,0.002214301206169263,0.008537422033903896,0.18876526920808762,0.002214301206169263,-0.11905810042741473,0.03201533262713961,0.011021286524546058
CAT,-0.03796374330885365,-0.021778255629718277,-0.00530057400480584,0.0015386869920208804,0.0016120688047870295,0.0032294654731358508,0.06504257294337777,0.0016120688047870295,-0.023098130488728247,0.01211049552425944,0.010672326264851881
ZBH,-0.015201485457066488,-0.0672361373109769,-0.01237691711609981,0.0023486393276519616,0.0020106330723300776,0.001753984936007924,0.09481453988414319,0.0020106330723300776,0.03764710166548052,0.006577443510029715,0.01022834460557328
TT,-0.03520194666386341,0.0010788345234037475,-0.039209621153320766,0.001767367831767001,0.00017487807592238744,0.004000720654640855,0.07549040234058792,0.00017487807592238744,-0.0756652804165103,0.015002702454903205,0.009878950272580185
RTX,-0.038582483168004805,-0.058737695075334266,0.03369537183296206,0.0011388061723055288,0.002672377501252991,0.000710353627027871,0.13101555007630114,0.002672377501252991,0.05117820623903853,0.002663826101354516,0.009458725554664026
TRV,-0.10219669703772317,0.002982055663091042,0.017507518116272984,0.0014276713507575718,0.0014966263690896783,0.005335593919027715,0.12268627081708719,0.0014966263690896783,-0.08916786095363091,0.02000847719635393,0.009419103636210594
CLX,0.031621610281164586,-0.014938590895390676,1.823005810250266e-06,0.0011885891717115773,-0.0001760343485601575,0.0017941275007402058,0.04656202418236552,0.0,0.04656202418236552,0.006727978127775772,0.008896012488878183
DAL,-0.07461846666430297,0.003747912925872822,-0.03081577523957686,0.0013406656810545758,0.0033680313221102023,0.005468583391471216,0.10918215482975265,0.0033680313221102023,-0.11255018615186285,0.02050718771801706,0.00885066075498111
PNR,0.011706832027219479,-0.06907730018089997,-0.11892065736237961,0.0005740624876236241,0.0005097047110021272,0.0039480578707678515,0.19970478957049906,0.0005097047110021272,-0.0386462298652623,0.014805217015379443,0.008848025952305709
LII,-0.0019985608452614823,0.00864589042638833,-0.06055196646563982,0.0011034889493420981,-0.0004718528140450484,0.003347330075940458,0.07119641773728963,0.0,-0.07119641773728963,0.012552487784776717,0.008243635705558219
INTC,-0.006761529803291429,-0.06017529622131555,0.012065283027476264,0.0007183198746975409,0.0039045706638567803,0.0008782345909781331,0.07900210905208326,0.0039045706638567803,0.06157447878164361,0.003293379716167999,0.00819762896209311
MSFT,0.06370940293048226,-0.0177731531604302,-0.07112069793510122,0.0008515804864077362,0.0024869692287190345,0.0017272955036756188,0.15260325402601366,0.0024869692287190345,0.007874888927092205,0.0064773581387835705,0.00813976604575716
CHRW,-0.04403350630163506,-0.004288874771460125,0.09193633014127284,0.000995800305108041,-0.0005295065322595308,0.00019031321204199259,0.140258711214368,0.0,0.0521916986110979,0.0007136745451574722,0.008099627547035805
EA,-0.010243579676129815,0.022161272352906707,-0.02446503387798348,6.134593039019975e-06,0.0031512723454973617,0.0029823611254799487,0.05686988590702,0.0031512723454973617,-0.060021158252517366,0.011183854220549808,0.008044071171114133
MLM,-0.0981996829361323,-0.05337973952553509,0.05656058771310636,0.002204677877973952,0.0011484326928171177,0.0013878613247171878,0.20814001017477374,0.0011484326928171177,0.010592211609692037,0.005204479967689454,0.007703511445617716
A,0.033847193564850976,-0.023786917465741277,0.051392538912164075,0.0012828193283271597,0.0020212571673822104,-0.0010186906541077567,0.10902664994275632,0.0020212571673822104,0.10700539277537412,-0.0038200899529040877,0.007650025425651182
LRCX,0.035719948101648885,-0.02720346302324171,0.0948230842306833,0.002786821410644095,0.005042824806936416,-0.004081669026373025,0.1577464953555739,0.005042824806936416,0.15270367054863748,-0.015306258848898843,0.00733082333599511
FTV,-0.05635677134606306,-0.03503108596232393,-0.09101585411065564,0.0009714471036726217,0.00041535857780313396,0.0066462852961700625,0.18240371141904266,0.00041535857780313396,-0.11275689807219791,0.024923569860637734,0.006624733162522677
WELL,-0.015504322913049288,-0.023237040311367238,-0.0208270206152509,0.00030502605219213664,0.0009603270479107362,0.0019041630178884272,0.05956838383966743,0.0009603270479107362,-0.014054630264843687,0.007140611317081602,0.00645211736584714
EIX,0.043233027925487416,0.039463014825839006,-0.08139017994733695,0.00011263633886846592,-0.00011452830957074945,0.004691628242936119,0.16408622269866335,0.0,-0.07762016684768855,0.017593605911010446,0.0062891526787528865
WST,-0.06214936276058758,-0.11740124259999996,-0.023183321372779543,0.001645635770233659,0.0011612278838456132,-2.898931699030216e-05,0.20273392673336707,0.0011612278838456132,0.030907330582787218,-0.0001087099387136331,0.006154734297735493
BXP,0.02619624713431191,-0.029379565057620214,-0.03625884708236032,0.0017712455296871562,0.002448933552161788,0.001126430879732021,0.09183465927429244,0.002448933552161788,0.01686803155741002,0.004224115798995079,0.005926347298511786
ANET,0.057194543575058564,0.01726009254179809,0.032306284478455315,0.0017345005897543878,0.00394926817578917,-0.00043813112129953424,0.10676092059531198,0.00394926817578917,0.06829146733592661,-0.0016429917048732534,0.005594789259301572
SBUX,0.021685427437883282,0.05863096087753959,-0.014537743780633893,0.00033530809226477073,0.0018184926700729094,0.0027824332758928927,0.09485413209605677,0.0018184926700729094,-0.053301769890363115,0.010434124784598348,0.005529920295157876
DLR,0.052746295683775146,0.07365067143521663,-0.05596575962499851,0.0019864555506073096,0.0002629545647503247,0.004739181480355015,0.1823627267439903,0.0002629545647503247,-0.07713308994119031,0.017771930551331305,0.004700349540774366
IP,0.041311370698309,0.05363101550508422,0.020985540123834398,0.0023738371294442116,0.0011321972167271266,0.0008840927129251108,0.11592792632722762,0.0011321972167271266,0.00753369810033205,0.0033153476734691656,0.004258288033442082
MU,0.04831654642364431,0.004293375492548228,0.10386898367263143,0.005584605562988062,0.007566570162527316,-0.004475621645831096,0.15647890558882396,0.007566570162527316,0.1403255844412002,-0.01678358117186661,0.0034311191888956004
DGX,-0.003526949786963955,0.06912135726042179,-0.03073760466008736,0.0017524162531544836,0.0008776658170389862,0.003631857757831536,0.1033859117074731,0.0008776658170389862,-0.1042635775245121,0.01361946659186826,0.003258711351395889
IDXX,0.1022942915395104,0.01997598546521368,-0.08393626285726032,0.004340494228134162,0.001721370809526975,0.000862453105727079,0.2062065398619844,0.001721370809526975,-0.0033393275924905597,0.0032341991464765463,0.0028170745478548
PPG,-0.03683926319849505,-0.11808466027059027,-0.058953180558623024,0.000887226138695274,0.00020815451124804872,-0.0006045996361486727,0.21387710402770835,0.00020815451124804872,0.022084062002224146,-0.0022672486355575228,0.0023223650724632176
JBHT,0.03631048275307201,-0.012241733358513552,-0.07960524076099428,0.0026834487949619697,0.0010280712160256093,0.0015797526028370479,0.12815745687257984,0.0010280712160256093,-0.032081095865434325,0.0059240722606389296,0.0022842277994331193
FANG,0.04528977775755718,-0.0029154718324083755,-0.013920447662333791,0.001960284637660618,0.01206028427585076,0.00019896554805581834,0.06212569725229934,0.01206028427585076,0.022224517651781,0.0007461208052093188,0.0021372207960409424
COST,-0.06825341480967545,0.04812887720866431,-0.012334625773303493,0.002232509447623891,-0.0009894759237057738,0.004820881877189931,0.12871691779164324,0.0,-0.12871691779164324,0.01807830703946224,0.0017332512656282432
KHC,0.0783585120711394,-0.036965466047823595,-0.009827563184718934,6.778138578589221e-05,0.0007536267665548897,-0.0030186184389080217,0.12515154130368195,0.0007536267665548897,0.10474278816768917,-0.011319819145905081,0.0016776559958303055
CMS,0.053466294630320856,0.018118999599849545,-0.06430500121292329,0.00018555997274782854,-0.002213130823136996,0.0012357136051550643,0.1358902954430937,0.0,-0.028957706182451984,0.004633926019331491,0.0009968393891374994
EXPD,-0.04749477510280676,-0.015902910980654317,0.05385820496626992,0.0008495848177146955,0.0006766066085321191,-0.0003956522441321275,0.117255891049731,0.0006766066085321191,0.021589734235585363,-0.0014836959154954782,0.0009679184111005936
AAPL,-0.03953785597477771,0.04004562246583236,-0.02459242428195831,0.002661535656689651,0.003240194060160621,0.003131245128218496,0.10417590272256837,0.003240194060160621,-0.10741609678272898,0.01174216923081936,0.000840768789258664
AMZN,-0.015655339701622677,0.04018941490524336,-0.028273978307901987,0.0004155939007464878,0.0015368761279660691,0.0019249374608103498,0.08411873291476803,0.0015368761279660691,-0.08565560904273409,0.007218515478038812,0.0002173703283625981
LH,0.052628843277984554,0.06382134926309882,-0.06283806988400632,0.0004949827165896092,0.001793892880885754,0.0034596957050522237,0.17928826242508972,0.001793892880885754,-0.07582446875000634,0.012973858893945839,0.00019467389429469323
AMD,0.05848255313378282,-0.040300216676464606,-0.011873695248065842,0.011106051610885466,0.0022521624823585848,-0.0024382364981902493,0.11065646505831325,0.0022521624823585848,0.08465691207982298,-0.009143386868213435,0.00011588197608385954
ELV,0.03179970006030377,-0.03831972017863702,0.021795529268547005,0.0035351405287132208,-5.119283230325955e-05,-0.0022884387372538173,0.0919149495074878,0.0,0.0919149495074878,-0.008581645264701815,-0.0003203288222768802
VRTX,-0.10456995983884522,-0.06470131552819601,0.10862027139686273,0.0008667328470801946,0.0015537346675486674,-0.0045798342846117834,0.27789154676390393,0.0015537346675486674,0.06719789241866485,-0.017174378567294188,-0.0003661379648489567
CPB,0.0047169365275798215,-0.05281370065927152,-0.01702835727169362,0.001973370615109671,4.8651688703582606e-05,-0.0009023968851803732,0.07455899445854496,4.8651688703582606e-05,0.04045362822645413,-0.0033839883194263995,-0.0004254302387685987
CMCSA,-0.031945598305501526,-0.04428223697383406,-0.01474459317964352,0.0031617532061344543,0.0027115814622912238,0.0,0.0909724284589791,0.0027115814622912238,-0.0051195359736022125,0.0,-0.00046573662010169716
IT,-0.011610973786277647,-0.016470982580104626,-0.04650951157262564,0.00021162693122878847,0.0014946181941071963,0.0006959915441083764,0.07459146793900791,0.0014946181941071963,-0.043144120972905854,0.0026099682904064114,-0.00048682667549393085
AKAM,-0.045655333880517165,-0.08330433283724423,0.05716895416902685,0.0008183105390079012,0.0025744034766015094,-0.0045575055266644515,0.18612862088678822,0.0025744034766015094,0.0922435496491524,-0.017090645724991693,-0.0008985353852641008
SNPS,-0.10743455839352015,-0.04538469788411233,-0.0159534183830406,0.0015956652945140555,0.002880224383436995,0.003010715552041132,0.16877267466067308,0.002880224383436995,-0.08088350327588541,0.011290183320154246,-0.002180624845514602
ADI,-0.052292254382780796,-0.020037745508969775,0.01040331932627931,0.0025408836260483922,0.0039614083178762804,-0.00012362862553921827,0.08273331921802987,0.0039614083178762804,-0.025812597865407995,-0.0004636073457720685,-0.0026039923000775803
NUE,-0.09154696041059054,0.05626134362674568,0.04374252769679526,0.001979985152675153,-0.0003465687943543812,0.004243730018622938,0.19155083173413148,0.0,-0.10406577634054096,0.015913987569836016,-0.003323780401212697
COP,0.06292256922083782,0.010759165950956974,-0.04577965081668314,0.002035995643542717,0.00547575012986811,-0.0010503478962194945,0.11946138598847794,0.00547575012986811,0.0009080023233295903,-0.0039388046108231045,-0.004010650494516017
J,0.022112692994481917,0.04492233950308072,-0.017211122883680523,0.0028126776924430738,-4.584154821899074e-05,-0.00021208928093591206,0.08424615538124317,0.0,-0.04002076939227933,-0.0007953348035096702,-0.004180619365245409
DXCM,-0.0844972747373867,0.028869457468070927,-0.07399082211910173,0.004008150861828789,0.002376672863330942,0.007742722015523784,0.18735755432455936,0.002376672863330942,-0.1897342271878903,0.02903520755821419,-0.004364594341738227
ADSK,-0.0110085765914701,-0.013242858544868686,-0.050277874019702753,0.0021744292436812825,0.0023738683482059358,-0.00024681109628310605,0.07452930915604154,0.0023738683482059358,-0.050417460414510104,-0.0009255416110616477,-0.004729654369678107
GE,-0.05423679357588398,0.05181085580462818,-0.0008604074139098396,0.00013541035894156414,0.005224359288106702,0.0018758784596987765,0.106908056794422,0.005224359288106702,-0.1121324160825287,0.007034544223870412,-0.004947261909172631
UNP,-0.1107873222868485,-0.031536844769034934,-0.021045429466070426,0.0028800419381975898,0.0011480829860564276,0.00296444626605058,0.16336959652195387,0.0011480829860564276,-0.1014439899699404,0.011116673497689675,-0.005222235045283663
ECL,0.021651417825242377,-0.052377286006170205,-0.1066957843345835,0.0008717517712812779,0.0013155972392908074,0.00021484198690263634,0.18072448816599607,0.0013155972392908074,-0.033982677742461734,0.0008056574508848863,-0.005249884337004333
FIS,0.04722480240348724,-0.004045897491071835,-0.07245350183953082,0.000587856170431215,9.571137069518029e-05,-0.0007407709305924937,0.1237242017340899,9.571137069518029e-05,-0.02127851331566693,-0.0027778909897218512,-0.0056118259937247734
AJG,-0.06241951655813658,0.06341235848635655,-0.05303394251917766,0.001649394051057292,0.001075738478229112,0.006696185713196023,0.17886581756367081,0.001075738478229112,-0.17994155604189993,0.025110696424485088,-0.00574297787983577
IQV,0.03770317725412037,-0.056486437216985576,-0.034660579551261055,0.0003925832709281115,0.0019891646649284668,-0.003452482765890885,0.128850194022367,0.0019891646649284668,0.05753987025491642,-0.01294681037209082,-0.005981530876559962
TXN,-0.053504099525133714,-0.012174652118695282,0.005057048930955056,0.0014593363097961702,0.0026282333675932356,-0.00101769956771397,0.07073580057478406,0.0026282333675932356,-0.03890063184307661,-0.0038163733789273874,-0.006587340302128378
PHM,-0.020933566232999513,-0.015001252124027295,-0.09792303015416275,0.002513168670316146,0.000614264245390624,0.0015151414726418122,0.13385784851118954,0.000614264245390624,-0.10446960850852559,0.005681780522406796,-0.007745919341925725
FDS,-0.04895233113766246,0.013127729833740356,-0.0774739574267165,0.0019930664170423845,-0.00038097499893023173,0.0028126024869477573,0.13955401839811932,0.0,-0.13955401839811932,0.01054725932605409,-0.008110926805013283
NOC,-0.011603028956991402,-0.06352281951150311,-0.018661344355711422,0.00021252818472949168,-0.0006984425916514159,-0.002972176194952103,0.09378719282420594,0.0,0.033258446198800286,-0.011145660731070386,-0.008234437437364458
NEM,0.07517478324392457,-0.048399044036165774,-0.03965711493319591,0.0008470291121949488,-0.0017902086179756823,-0.005626240655021542,0.16323094221328624,0.0,0.08391671234689443,-0.02109840245633078,-0.008237300203623425
WAT,-0.01766731347541013,0.021279910609101706,-0.05077847879582403,0.0005482109899770678,0.0035584759638712586,-9.693180530057077e-05,0.08972570288033585,0.0035584759638712586,-0.09328417884420712,-0.0003634942698771404,-0.008751940470363938
MELI,0.02009879903442708,0.006471807054398943,-0.052619190509636975,0.0015540301368091628,0.007165439495225264,-0.0013680267162413107,0.079189796598463,0.007165439495225264,-0.0461576380248341,-0.005130100185904915,-0.009055255871572663
POOL,-0.04970548213236429,0.009742427451354186,-0.06488872824645299,0.002323781089956611,-0.00020073907492039743,0.0012632446332210279,0.12433663783017146,0.0,-0.12433663783017146,0.0047371673745788545,-0.01041504336590536
HOLX,-0.016092349500686817,0.0853103320746107,-0.008667791399903046,0.00024325102130124955,0.0023660006240011633,0.0005055639295677428,0.11007047297520056,0.0023660006240011633,-0.11243647359920173,0.0018958647358790354,-0.010463638132795718
BLK,-0.049544252970236714,0.004393567883066175,-0.054842809482984804,0.0010917238217931816,0.0020862549223849224,0.00031345330722781783,0.1087806303362877,0.0020862549223849224,-0.11086688525867261,0.0011754499021043169,-0.010820254784717072
GOOGL,-0.022093722463114866,0.0031088504911579813,-0.07592809976791311,0.00019670486245768615,0.002334305505458234,-0.00018806988259606472,0.10113067272218595,0.002334305505458234,-0.1034649782276442,-0.0007052620597352427,-0.011222294119117324
META,-0.02180416011744308,0.07445563002109837,-0.007259676185291598,0.0010200362939211337,-0.00020797650286737598,-0.00035366193716640515,0.10351946632383303,0.0,-0.10351946632383303,-0.0013262322643740193,-0.012052140189131063
DHR,0.03574196602635843,-0.013328518540402132,-0.056223175653923665,0.0008359789148340901,0.0004890069773878291,-0.002874304806310346,0.10529366022068423,0.0004890069773878291,-0.007641698064550936,-0.010778643023663798,-0.012189274923212074
ABBV,-0.07251199477275304,-0.07682708266309583,0.053548779013151214,0.0005134621153032389,0.0025171251211836792,-0.006047441693388889,0.2028878564490001,0.0025171251211836792,0.05534674178231033,-0.022677906350208332,-0.012663098744187326
ES,0.052876772017143324,-0.05310489038475998,-0.1872296760776404,0.00019570874924161133,-0.0007751610245117835,0.0024873012261762972,0.2932113384795437,0.0,-0.0812480136757371,0.009327379598161115,-0.012749096979689137
INTU,-0.07383425189620416,-0.031166278003784076,-0.06896597804224186,0.0014064209720278035,0.002335635065203186,0.0017272015478699831,0.1739665079422301,0.002335635065203186,-0.11396958699986512,0.006477005804512437,-0.012903192217378803
JNPR,0.03862276110766287,-0.054772660296713155,-0.0460650932680412,0.001131126909787287,0.003481890473937299,-0.005121182970085264,0.1394605146724172,0.003481890473937299,0.04384843766239753,-0.01920443613781974,-0.013973964595689187
LLY,-0.06791296248657616,0.026086042395287123,0.006131999548356751,0.0008365272335547847,0.007314179278690795,-0.0014011877423845132,0.10013100443022004,0.007314179278690795,-0.09518118461219734,-0.005254454033941924,-0.01481726196178244
BBY,-0.0019592510134471422,-0.0016859564534416611,-0.0614656773586428,0.00243261937226477,-0.0016392168931134302,-0.003225675769206293,0.06511088482553161,0.0,-0.06173897191864828,-0.0120962841345236,-0.016859669522216535
MTD,0.0070505392308534065,-0.025276335775846655,0.06713092308966906,0.0013377723845604391,0.0017127489972245335,-0.006776300705219729,0.09945779809636912,0.0017127489972245335,0.09774504909914458,-0.025411127644573983,-0.017395492741881236
HCA,0.09874177694856902,0.03242579465467189,0.007225913955967119,0.000364836742539465,0.0034043021882511847,-0.007447793539525627,0.13839348555920802,0.0034043021882511847,0.07013759406161306,-0.0279292257732211,-0.018424453844591737
AMGN,0.05730862761272262,-0.02731388019504688,0.030695007229648776,0.0030827737481703937,0.0014754791741120154,-0.008191263049787845,0.11531751503741827,0.0014754791741120154,0.11384203586330627,-0.030717236436704418,-0.01853212154864676
IEX,-0.0713915446536722,-0.028403304347443464,-0.09214254500184507,0.0004119134244779647,0.0008113217594910349,0.0017524897060308686,0.19193739400296073,0.0008113217594910349,-0.13594210706756485,0.006571836397615757,-0.018914991637192038
AMAT,-0.004746945061824944,0.005351122684828797,0.03882203835678848,0.002929142505909395,0.008213481377172208,-0.005299427623770725,0.04892010610344222,0.008213481377172208,0.020510489232962528,-0.01987285358914022,-0.019640982963926627
LOW,0.09552670025918823,0.040861244796662186,-0.1462079530984608,0.0013874980575795022,-0.00013007402973260382,0.0009242014375042684,0.2825958981543112,0.0,-0.09154249763593475,0.0034657553906410066,-0.021897057946469303
CSCO,-0.11497841901928735,-0.013013577327538974,-0.07967375335325826,0.0001605148843493535,0.003554674294317306,0.0033897436251075774,0.20766574970008456,0.003554674294317306,-0.18519326933932395,0.012711538594153415,-0.024733984531915977
NVDA,0.017438455993099563,0.02922830938102959,-0.10293302844115514,0.008331485678666576,0.00027612841910601795,-0.0020755767463196406,0.1495997938152843,0.00027612841910601795,-0.11499901024819117,-0.007783412798698652,-0.025788411271767515
MOS,0.005852191672007817,-0.028525721067947717,-0.07405201960900162,0.0033612867189885503,0.00743850619500556,-0.005462497053997345,0.10842993234895716,0.00743850619500556,-0.04711261306405165,-0.020484363952490044,-0.027109689920895474
COO,-0.10070239539839229,-0.013525941960606169,-0.050293890731074486,0.00041487703208011875,0.0019929771110323456,-0.0010664560894052544,0.16452222809007294,0.0019929771110323456,-0.13946332127989297,-0.003999210335269704,-0.027145162536692018
STE,-0.07522462901437481,-0.05059355876262059,-0.06816394826703268,0.0011759887599479175,0.0009137477852675157,-0.0028015973351155354,0.19398213604402806,0.0009137477852675157,-0.09370876630405442,-0.010505990006683258,-0.029399946419703893
AVGO,-0.10042757248597536,-0.025061456257822367,0.0024957510397404003,0.002574019908741724,0.00461922733896003,-0.005335702250539198,0.12798477978353812,0.00461922733896003,-0.07748959252737263,-0.020008883439521993,-0.02997630906630211
LDOS,-0.03661850927519477,-0.06319611578628519,0.007677513959927235,0.0023571555549213087,0.002960824163987589,-0.009231808818810583,0.10749213902140718,0.002960824163987589,0.03129429630703007,-0.034619283070539686,-0.03152118225038404
PFE,-0.07811376994290856,0.04169140741397213,-0.037526884250446535,0.0011950052360865178,-0.0001805824028166129,-0.005019418526225811,0.1573320616073272,0.0,-0.1573320616073272,-0.01882281947334679,-0.044282558850601936
ALNY,0.0698714982591882,0.04025068453055919,-0.17254943296972108,0.0022582165409263722,0.0024237137684681425,-0.002782090408956328,0.2826716157594685,0.0024237137684681425,-0.14535233300956021,-0.01043283903358623,-0.05331999831931662
LULU,-0.04382511633435385,0.17025064480569926,-0.03610436484200139,0.0025704317426864373,0.00031992101460637614,5.6751471609717274e-05,0.2501801259820545,0.00031992101460637614,-0.2505000469966609,0.00021281801853643978,-0.06244963163821257
FBIN,-0.08585286797106569,0.031638018556188995,-0.08809230474697478,0.00044447078470268855,0.0006503576273943305,-0.005835071614136711,0.20558319127422947,0.0006503576273943305,-0.2062335489016238,-0.021881518553012666,-0.06620726308471692
MCD,-0.12824400573924147,-0.057210881012514224,-0.15663185903029328,0.001445685556116875,-0.00069622974945814,-0.000472655865061955,0.342086745782049,0.0,-0.22766498375702052,-0.0017724594939823313,-0.07993125654154287
